tag,date
canteen,16-05-2022
campus,16-05-2022
document,16-05-2022
uniform,16-05-2022
event,16-05-2022
sem,16-05-2022
principal,16-05-2022
location,16-05-2022
facilities,16-05-2022
sem,16-05-2022
admission,16-05-2022
task,16-05-2022
college intake,16-05-2022
scholarships,16-05-2022
fees,16-05-2022
canteen,16-05-2022
ragging,16-05-2022
event,16-05-2022
metro,16-05-2022
hod,16-05-2022
task,16-05-2022
uniform,16-05-2022
task,16-05-2022
infrastructure,16-05-2022
ragging,16-05-2022
admission,16-05-2022
admission,16-05-2022
faq,16-05-2022
salutaion,16-05-2022
scholarships,16-05-2022
hours,16-05-2022
vacation,16-05-2022
metro,16-05-2022
hostel,16-05-2022
metro,16-05-2022
campus,16-05-2022
sem,16-05-2022
hod,16-05-2022
facilities,16-05-2022
name,16-05-2022
scholarships,16-05-2022
hours,16-05-2022
fees,16-05-2022
course,16-05-2022
event,16-05-2022
uniform,16-05-2022
ragging,16-05-2022
sem,16-05-2022
event,16-05-2022
library,16-05-2022
vacation,16-05-2022
hod,16-05-2022
metro,16-05-2022
ragging,16-05-2022
hours,16-05-2022
canteen,16-05-2022
metro,16-05-2022
location,16-05-2022
swear,16-05-2022
transport,16-05-2022
committee,16-05-2022
transport,16-05-2022
committee,16-05-2022
campus,16-05-2022
canteen,16-05-2022
iqac,16-05-2022
committee,16-05-2022
principal,16-05-2022
iqac,16-05-2022
infrastructure,16-05-2022
scholarships,16-05-2022
salutaion,16-05-2022
uniform,16-05-2022
cshod,16-05-2022
location,16-05-2022
principal,16-05-2022
uniform,16-05-2022
infrastructure,16-05-2022
fees,16-05-2022
random,16-05-2022
random,16-05-2022
facilities,16-05-2022
sem,16-05-2022
admission,16-05-2022
hours,16-05-2022
scholarships,16-05-2022
cshod,16-05-2022
event,16-05-2022
uniform,16-05-2022
iqac,16-05-2022
creator,16-05-2022
faq,16-05-2022
hours,16-05-2022
event,16-05-2022
metro,16-05-2022
name,16-05-2022
uniform,16-05-2022
document,16-05-2022
facilities,16-05-2022
college intake,16-05-2022
vacation,16-05-2022
sem,16-05-2022
hours,16-05-2022
college intake,16-05-2022
salutaion,16-05-2022
committee,16-05-2022
task,16-05-2022
random,16-05-2022
college intake,16-05-2022
uniform,16-05-2022
college intake,16-05-2022
facilities,16-05-2022
admission,16-05-2022
committee,16-05-2022
name,16-05-2022
random,16-05-2022
location,16-05-2022
transport,16-05-2022
swear,16-05-2022
transport,16-05-2022
canteen,16-05-2022
event,16-05-2022
document,16-05-2022
fees,16-05-2022
task,16-05-2022
course,16-05-2022
library,16-05-2022
event,16-05-2022
campus,16-05-2022
ragging,16-05-2022
placement,16-05-2022
sem,16-05-2022
placement,16-05-2022
sem,16-05-2022
facilities,16-05-2022
fees,16-05-2022
hod,16-05-2022
scholarships,17-05-2022
event,17-05-2022
cshod,17-05-2022
scholarships,17-05-2022
event,17-05-2022
iqac,17-05-2022
principal,17-05-2022
sem,17-05-2022
creator,17-05-2022
scholarships,17-05-2022
salutaion,17-05-2022
vacation,17-05-2022
scholarships,17-05-2022
uniform,17-05-2022
sem,17-05-2022
iqac,17-05-2022
task,17-05-2022
location,17-05-2022
syllabus,17-05-2022
contact,17-05-2022
contact,17-05-2022
swear,17-05-2022
location,17-05-2022
faq,17-05-2022
college intake,17-05-2022
uniform,17-05-2022
faq,17-05-2022
canteen,17-05-2022
sem,17-05-2022
random,17-05-2022
admission,17-05-2022
random,17-05-2022
transport,17-05-2022
metro,17-05-2022
hod,17-05-2022
,17-05-2022
document,17-05-2022
metro,17-05-2022
vacation,17-05-2022
creator,17-05-2022
creator,17-05-2022
college intake,17-05-2022
fees,17-05-2022
hostel,17-05-2022
swear,17-05-2022
principal,17-05-2022
vacation,17-05-2022
iqac,17-05-2022
ragging,17-05-2022
ragging,17-05-2022
salutaion,17-05-2022
random,17-05-2022
swear,17-05-2022
uniform,17-05-2022
fees,17-05-2022
facilities,17-05-2022
location,17-05-2022
faq,17-05-2022
iqac,17-05-2022
document,17-05-2022
syllabus,17-05-2022
hod,17-05-2022
task,17-05-2022
name,17-05-2022
college intake,17-05-2022
iqac,17-05-2022
ragging,17-05-2022
course,17-05-2022
fees,17-05-2022
event,17-05-2022
college intake,17-05-2022
course,17-05-2022
infrastructure,17-05-2022
ragging,17-05-2022
uniform,17-05-2022
iqac,17-05-2022
faq,17-05-2022
canteen,17-05-2022
random,17-05-2022
facilities,17-05-2022
hod,17-05-2022
syllabus,17-05-2022
canteen,17-05-2022
vacation,17-05-2022
placement,17-05-2022
fees,17-05-2022
infrastructure,17-05-2022
committee,17-05-2022
fees,17-05-2022
contact,17-05-2022
metro,17-05-2022
name,17-05-2022
principal,17-05-2022
metro,17-05-2022
cshod,17-05-2022
campus,17-05-2022
iqac,17-05-2022
fees,17-05-2022
scholarships,17-05-2022
task,17-05-2022
task,17-05-2022
fees,17-05-2022
hours,17-05-2022
name,17-05-2022
sem,17-05-2022
ragging,17-05-2022
admission,17-05-2022
iqac,17-05-2022
hod,17-05-2022
canteen,17-05-2022
campus,17-05-2022
college intake,17-05-2022
committee,17-05-2022
creator,17-05-2022
task,17-05-2022
cshod,17-05-2022
committee,17-05-2022
vacation,17-05-2022
admission,17-05-2022
event,17-05-2022
salutaion,17-05-2022
document,17-05-2022
contact,17-05-2022
hours,17-05-2022
transport,17-05-2022
hod,17-05-2022
course,17-05-2022
task,17-05-2022
ragging,17-05-2022
creator,17-05-2022
admission,17-05-2022
faq,17-05-2022
hours,17-05-2022
fees,17-05-2022
name,17-05-2022
course,17-05-2022
placement,17-05-2022
admission,17-05-2022
hours,17-05-2022
placement,17-05-2022
admission,17-05-2022
canteen,17-05-2022
principal,17-05-2022
admission,17-05-2022
infrastructure,17-05-2022
hod,17-05-2022
facilities,17-05-2022
document,17-05-2022
faq,17-05-2022
hod,17-05-2022
campus,17-05-2022
random,17-05-2022
swear,17-05-2022
metro,17-05-2022
contact,17-05-2022
cshod,17-05-2022
cshod,18-05-2022
college intake,18-05-2022
campus,18-05-2022
task,18-05-2022
scholarships,18-05-2022
syllabus,18-05-2022
syllabus,18-05-2022
syllabus,18-05-2022
committee,18-05-2022
syllabus,18-05-2022
hostel,18-05-2022
college intake,18-05-2022
vacation,18-05-2022
sem,18-05-2022
uniform,18-05-2022
event,18-05-2022
hod,18-05-2022
infrastructure,18-05-2022
swear,18-05-2022
task,18-05-2022
random,18-05-2022
committee,18-05-2022
iqac,18-05-2022
canteen,18-05-2022
name,18-05-2022
canteen,18-05-2022
fees,18-05-2022
admission,18-05-2022
transport,18-05-2022
canteen,18-05-2022
iqac,18-05-2022
fees,18-05-2022
vacation,18-05-2022
cshod,18-05-2022
library,18-05-2022
course,18-05-2022
cshod,18-05-2022
infrastructure,18-05-2022
transport,18-05-2022
course,18-05-2022
college intake,18-05-2022
hod,18-05-2022
faq,18-05-2022
random,18-05-2022
infrastructure,18-05-2022
hostel,18-05-2022
event,18-05-2022
campus,18-05-2022
committee,18-05-2022
cshod,18-05-2022
hours,18-05-2022
hostel,18-05-2022
canteen,18-05-2022
iqac,18-05-2022
course,18-05-2022
event,18-05-2022
hod,18-05-2022
hours,18-05-2022
facilities,18-05-2022
infrastructure,18-05-2022
infrastructure,18-05-2022
principal,18-05-2022
hours,18-05-2022
transport,18-05-2022
sem,18-05-2022
placement,18-05-2022
fees,18-05-2022
course,18-05-2022
random,18-05-2022
name,18-05-2022
infrastructure,18-05-2022
infrastructure,18-05-2022
admission,18-05-2022
random,18-05-2022
infrastructure,18-05-2022
vacation,18-05-2022
placement,18-05-2022
vacation,18-05-2022
faq,18-05-2022
location,18-05-2022
facilities,18-05-2022
infrastructure,18-05-2022
committee,18-05-2022
hostel,18-05-2022
hod,18-05-2022
creator,18-05-2022
cshod,18-05-2022
creator,18-05-2022
event,18-05-2022
facilities,18-05-2022
transport,18-05-2022
infrastructure,18-05-2022
vacation,18-05-2022
hod,18-05-2022
campus,18-05-2022
fees,18-05-2022
campus,18-05-2022
event,18-05-2022
syllabus,18-05-2022
uniform,18-05-2022
document,18-05-2022
placement,18-05-2022
creator,18-05-2022
document,18-05-2022
faq,18-05-2022
document,18-05-2022
transport,18-05-2022
placement,18-05-2022
name,18-05-2022
facilities,18-05-2022
canteen,18-05-2022
facilities,18-05-2022
canteen,18-05-2022
placement,18-05-2022
faq,18-05-2022
iqac,18-05-2022
fees,18-05-2022
transport,18-05-2022
metro,18-05-2022
admission,18-05-2022
infrastructure,18-05-2022
transport,18-05-2022
syllabus,18-05-2022
faq,18-05-2022
contact,18-05-2022
campus,18-05-2022
uniform,18-05-2022
event,18-05-2022
cshod,18-05-2022
vacation,18-05-2022
metro,18-05-2022
faq,18-05-2022
syllabus,18-05-2022
event,18-05-2022
transport,18-05-2022
contact,18-05-2022
cshod,18-05-2022
canteen,18-05-2022
name,18-05-2022
committee,18-05-2022
contact,18-05-2022
principal,18-05-2022
principal,18-05-2022
name,18-05-2022
contact,18-05-2022
document,18-05-2022
principal,18-05-2022
library,18-05-2022
library,18-05-2022
college intake,18-05-2022
course,18-05-2022
cshod,18-05-2022
creator,18-05-2022
infrastructure,18-05-2022
principal,18-05-2022
campus,18-05-2022
event,18-05-2022
salutaion,18-05-2022
document,18-05-2022
fees,18-05-2022
placement,18-05-2022
location,18-05-2022
facilities,18-05-2022
task,18-05-2022
hod,19-05-2022
faq,19-05-2022
principal,19-05-2022
location,19-05-2022
hod,19-05-2022
college intake,19-05-2022
hostel,19-05-2022
cshod,19-05-2022
sem,19-05-2022
course,19-05-2022
fees,19-05-2022
canteen,19-05-2022
sem,19-05-2022
location,19-05-2022
principal,19-05-2022
library,19-05-2022
hostel,19-05-2022
hod,19-05-2022
campus,19-05-2022
hod,19-05-2022
ragging,19-05-2022
vacation,19-05-2022
canteen,19-05-2022
facilities,19-05-2022
college intake,19-05-2022
swear,19-05-2022
placement,19-05-2022
sem,19-05-2022
course,19-05-2022
facilities,19-05-2022
syllabus,19-05-2022
campus,19-05-2022
random,19-05-2022
admission,19-05-2022
ragging,19-05-2022
transport,19-05-2022
swear,19-05-2022
hours,19-05-2022
canteen,19-05-2022
principal,19-05-2022
uniform,19-05-2022
canteen,19-05-2022
iqac,19-05-2022
salutaion,19-05-2022
uniform,19-05-2022
location,19-05-2022
swear,19-05-2022
placement,19-05-2022
course,19-05-2022
random,19-05-2022
infrastructure,19-05-2022
task,19-05-2022
faq,19-05-2022
name,19-05-2022
vacation,19-05-2022
scholarships,19-05-2022
faq,19-05-2022
event,19-05-2022
name,19-05-2022
scholarships,19-05-2022
event,19-05-2022
placement,19-05-2022
syllabus,19-05-2022
library,19-05-2022
salutaion,19-05-2022
swear,19-05-2022
name,19-05-2022
document,19-05-2022
contact,19-05-2022
hod,19-05-2022
task,19-05-2022
task,19-05-2022
cshod,19-05-2022
uniform,19-05-2022
principal,19-05-2022
course,19-05-2022
college intake,19-05-2022
campus,19-05-2022
admission,19-05-2022
swear,19-05-2022
cshod,19-05-2022
event,19-05-2022
cshod,19-05-2022
name,19-05-2022
document,19-05-2022
hours,19-05-2022
ragging,19-05-2022
uniform,19-05-2022
hod,19-05-2022
cshod,19-05-2022
canteen,19-05-2022
course,19-05-2022
name,19-05-2022
faq,19-05-2022
creator,19-05-2022
event,19-05-2022
hostel,19-05-2022
admission,19-05-2022
college intake,19-05-2022
fees,19-05-2022
salutaion,19-05-2022
committee,19-05-2022
cshod,19-05-2022
library,19-05-2022
library,19-05-2022
syllabus,19-05-2022
uniform,19-05-2022
college intake,19-05-2022
principal,19-05-2022
hours,19-05-2022
contact,19-05-2022
admission,19-05-2022
infrastructure,19-05-2022
name,19-05-2022
metro,19-05-2022
infrastructure,19-05-2022
document,19-05-2022
uniform,19-05-2022
campus,19-05-2022
placement,19-05-2022
vacation,19-05-2022
principal,19-05-2022
facilities,19-05-2022
metro,19-05-2022
metro,19-05-2022
committee,19-05-2022
location,19-05-2022
course,19-05-2022
principal,19-05-2022
hours,19-05-2022
cshod,19-05-2022
library,19-05-2022
contact,19-05-2022
scholarships,19-05-2022
infrastructure,19-05-2022
college intake,19-05-2022
transport,19-05-2022
course,19-05-2022
vacation,19-05-2022
syllabus,19-05-2022
principal,19-05-2022
admission,19-05-2022
uniform,19-05-2022
location,19-05-2022
cshod,19-05-2022
ragging,19-05-2022
fees,20-05-2022
campus,20-05-2022
faq,20-05-2022
hostel,20-05-2022
metro,20-05-2022
fees,20-05-2022
sem,20-05-2022
course,20-05-2022
contact,20-05-2022
creator,20-05-2022
random,20-05-2022
swear,20-05-2022
principal,20-05-2022
course,20-05-2022
metro,20-05-2022
contact,20-05-2022
transport,20-05-2022
college intake,20-05-2022
library,20-05-2022
cshod,20-05-2022
transport,20-05-2022
college intake,20-05-2022
syllabus,20-05-2022
iqac,20-05-2022
syllabus,20-05-2022
canteen,20-05-2022
hod,20-05-2022
transport,20-05-2022
hours,20-05-2022
iqac,20-05-2022
faq,20-05-2022
event,20-05-2022
infrastructure,20-05-2022
placement,20-05-2022
sem,20-05-2022
document,20-05-2022
syllabus,20-05-2022
hostel,20-05-2022
placement,20-05-2022
hod,20-05-2022
event,20-05-2022
contact,20-05-2022
location,20-05-2022
college intake,20-05-2022
task,20-05-2022
campus,20-05-2022
syllabus,20-05-2022
event,20-05-2022
cshod,20-05-2022
college intake,20-05-2022
faq,20-05-2022
library,20-05-2022
cshod,20-05-2022
random,20-05-2022
faq,20-05-2022
scholarships,20-05-2022
library,20-05-2022
task,20-05-2022
event,20-05-2022
fees,20-05-2022
document,20-05-2022
hostel,20-05-2022
campus,20-05-2022
location,20-05-2022
swear,20-05-2022
placement,20-05-2022
cshod,20-05-2022
infrastructure,20-05-2022
fees,20-05-2022
event,20-05-2022
canteen,20-05-2022
task,20-05-2022
name,20-05-2022
creator,20-05-2022
infrastructure,20-05-2022
campus,20-05-2022
hostel,20-05-2022
committee,20-05-2022
library,20-05-2022
library,20-05-2022
syllabus,20-05-2022
syllabus,20-05-2022
library,20-05-2022
name,20-05-2022
course,20-05-2022
admission,20-05-2022
canteen,20-05-2022
sem,20-05-2022
name,20-05-2022
placement,20-05-2022
random,20-05-2022
hostel,20-05-2022
faq,20-05-2022
facilities,20-05-2022
iqac,20-05-2022
infrastructure,20-05-2022
admission,20-05-2022
campus,20-05-2022
principal,20-05-2022
name,20-05-2022
principal,20-05-2022
salutaion,20-05-2022
cshod,20-05-2022
faq,20-05-2022
facilities,20-05-2022
iqac,20-05-2022
committee,20-05-2022
transport,20-05-2022
infrastructure,20-05-2022
ragging,20-05-2022
event,20-05-2022
creator,20-05-2022
infrastructure,20-05-2022
scholarships,20-05-2022
faq,20-05-2022
cshod,20-05-2022
library,20-05-2022
contact,20-05-2022
uniform,20-05-2022
name,20-05-2022
hostel,20-05-2022
ragging,20-05-2022
admission,20-05-2022
college intake,20-05-2022
facilities,20-05-2022
swear,20-05-2022
committee,20-05-2022
event,20-05-2022
contact,20-05-2022
event,20-05-2022
swear,20-05-2022
random,20-05-2022
uniform,20-05-2022
event,20-05-2022
sem,20-05-2022
hostel,20-05-2022
scholarships,20-05-2022
faq,20-05-2022
creator,20-05-2022
campus,20-05-2022
placement,20-05-2022
uniform,20-05-2022
contact,20-05-2022
random,20-05-2022
name,20-05-2022
canteen,20-05-2022
contact,20-05-2022
name,20-05-2022
course,20-05-2022
syllabus,20-05-2022
event,20-05-2022
committee,20-05-2022
ragging,20-05-2022
scholarships,20-05-2022
hostel,20-05-2022
iqac,20-05-2022
ragging,20-05-2022
hours,20-05-2022
facilities,21-05-2022
course,21-05-2022
canteen,21-05-2022
salutaion,21-05-2022
hod,21-05-2022
hours,21-05-2022
vacation,21-05-2022
name,21-05-2022
sem,21-05-2022
faq,21-05-2022
hod,21-05-2022
location,21-05-2022
scholarships,21-05-2022
principal,21-05-2022
library,21-05-2022
course,21-05-2022
infrastructure,21-05-2022
metro,21-05-2022
college intake,21-05-2022
vacation,21-05-2022
random,21-05-2022
random,21-05-2022
campus,21-05-2022
college intake,21-05-2022
uniform,21-05-2022
placement,21-05-2022
random,21-05-2022
hours,21-05-2022
transport,21-05-2022
sem,21-05-2022
syllabus,21-05-2022
name,21-05-2022
college intake,21-05-2022
syllabus,21-05-2022
fees,21-05-2022
infrastructure,21-05-2022
event,21-05-2022
uniform,21-05-2022
syllabus,21-05-2022
canteen,21-05-2022
salutaion,21-05-2022
ragging,21-05-2022
syllabus,21-05-2022
sem,21-05-2022
uniform,21-05-2022
infrastructure,21-05-2022
location,21-05-2022
committee,21-05-2022
document,21-05-2022
ragging,21-05-2022
syllabus,21-05-2022
sem,21-05-2022
random,21-05-2022
metro,21-05-2022
task,21-05-2022
faq,21-05-2022
name,21-05-2022
campus,21-05-2022
fees,21-05-2022
transport,21-05-2022
ragging,21-05-2022
campus,21-05-2022
creator,21-05-2022
scholarships,21-05-2022
library,21-05-2022
campus,21-05-2022
hod,21-05-2022
event,21-05-2022
hours,21-05-2022
cshod,21-05-2022
course,21-05-2022
scholarships,21-05-2022
syllabus,21-05-2022
campus,21-05-2022
uniform,21-05-2022
library,21-05-2022
scholarships,21-05-2022
salutaion,21-05-2022
admission,21-05-2022
library,21-05-2022
salutaion,21-05-2022
vacation,21-05-2022
syllabus,21-05-2022
vacation,21-05-2022
event,21-05-2022
campus,21-05-2022
metro,21-05-2022
syllabus,21-05-2022
admission,21-05-2022
principal,21-05-2022
infrastructure,21-05-2022
uniform,21-05-2022
placement,21-05-2022
ragging,21-05-2022
infrastructure,21-05-2022
admission,21-05-2022
sem,21-05-2022
admission,21-05-2022
random,21-05-2022
principal,21-05-2022
transport,21-05-2022
college intake,21-05-2022
campus,21-05-2022
admission,21-05-2022
placement,21-05-2022
random,21-05-2022
cshod,21-05-2022
hod,21-05-2022
hod,21-05-2022
principal,21-05-2022
contact,21-05-2022
ragging,21-05-2022
document,21-05-2022
syllabus,21-05-2022
placement,21-05-2022
task,21-05-2022
transport,21-05-2022
swear,21-05-2022
ragging,21-05-2022
facilities,21-05-2022
admission,21-05-2022
scholarships,21-05-2022
random,21-05-2022
placement,21-05-2022
course,21-05-2022
contact,21-05-2022
committee,21-05-2022
infrastructure,21-05-2022
contact,21-05-2022
uniform,21-05-2022
location,21-05-2022
scholarships,21-05-2022
admission,21-05-2022
hours,21-05-2022
location,21-05-2022
sem,21-05-2022
event,21-05-2022
infrastructure,21-05-2022
hostel,21-05-2022
cshod,21-05-2022
hod,21-05-2022
swear,21-05-2022
name,21-05-2022
facilities,21-05-2022
library,21-05-2022
committee,21-05-2022
location,21-05-2022
document,21-05-2022
sem,21-05-2022
library,21-05-2022
infrastructure,21-05-2022
salutaion,21-05-2022
hours,21-05-2022
sem,21-05-2022
vacation,21-05-2022
scholarships,21-05-2022
event,21-05-2022
document,21-05-2022
fees,21-05-2022
faq,21-05-2022
vacation,21-05-2022
scholarships,21-05-2022
principal,21-05-2022
name,22-05-2022
ragging,22-05-2022
syllabus,22-05-2022
infrastructure,22-05-2022
vacation,22-05-2022
swear,22-05-2022
facilities,22-05-2022
document,22-05-2022
task,22-05-2022
hod,22-05-2022
committee,22-05-2022
document,22-05-2022
campus,22-05-2022
document,22-05-2022
metro,22-05-2022
principal,22-05-2022
transport,22-05-2022
hours,22-05-2022
course,22-05-2022
ragging,22-05-2022
transport,22-05-2022
placement,22-05-2022
task,22-05-2022
task,22-05-2022
vacation,22-05-2022
hours,22-05-2022
campus,22-05-2022
uniform,22-05-2022
principal,22-05-2022
facilities,22-05-2022
transport,22-05-2022
course,22-05-2022
fees,22-05-2022
principal,22-05-2022
iqac,22-05-2022
random,22-05-2022
iqac,22-05-2022
swear,22-05-2022
uniform,22-05-2022
sem,22-05-2022
swear,22-05-2022
infrastructure,22-05-2022
event,22-05-2022
iqac,22-05-2022
salutaion,22-05-2022
hod,22-05-2022
infrastructure,22-05-2022
hod,22-05-2022
sem,22-05-2022
random,22-05-2022
syllabus,22-05-2022
document,22-05-2022
uniform,22-05-2022
hod,22-05-2022
hostel,22-05-2022
facilities,22-05-2022
library,22-05-2022
placement,22-05-2022
creator,22-05-2022
document,22-05-2022
committee,22-05-2022
swear,22-05-2022
cshod,22-05-2022
sem,22-05-2022
random,22-05-2022
college intake,22-05-2022
event,22-05-2022
metro,22-05-2022
library,22-05-2022
contact,22-05-2022
admission,22-05-2022
location,22-05-2022
contact,22-05-2022
transport,22-05-2022
name,22-05-2022
creator,22-05-2022
library,22-05-2022
swear,22-05-2022
swear,22-05-2022
location,22-05-2022
course,22-05-2022
task,22-05-2022
canteen,22-05-2022
admission,22-05-2022
name,22-05-2022
campus,22-05-2022
hours,22-05-2022
contact,22-05-2022
random,22-05-2022
college intake,22-05-2022
hod,22-05-2022
placement,22-05-2022
campus,22-05-2022
facilities,22-05-2022
transport,22-05-2022
committee,22-05-2022
cshod,22-05-2022
hours,22-05-2022
library,22-05-2022
library,22-05-2022
creator,22-05-2022
ragging,22-05-2022
creator,22-05-2022
iqac,22-05-2022
document,22-05-2022
hod,22-05-2022
hostel,22-05-2022
placement,22-05-2022
hours,22-05-2022
event,22-05-2022
random,22-05-2022
placement,22-05-2022
hostel,22-05-2022
vacation,22-05-2022
document,22-05-2022
transport,22-05-2022
library,22-05-2022
admission,22-05-2022
metro,22-05-2022
hostel,22-05-2022
document,22-05-2022
random,22-05-2022
metro,22-05-2022
scholarships,22-05-2022
contact,22-05-2022
placement,22-05-2022
college intake,22-05-2022
metro,22-05-2022
hostel,22-05-2022
event,22-05-2022
task,22-05-2022
salutaion,22-05-2022
campus,22-05-2022
random,22-05-2022
random,22-05-2022
location,22-05-2022
infrastructure,22-05-2022
salutaion,22-05-2022
event,22-05-2022
principal,22-05-2022
vacation,22-05-2022
fees,22-05-2022
iqac,22-05-2022
campus,22-05-2022
name,22-05-2022
fees,22-05-2022
random,22-05-2022
sem,22-05-2022
course,22-05-2022
course,22-05-2022
infrastructure,22-05-2022
name,22-05-2022
creator,22-05-2022
principal,22-05-2022
contact,22-05-2022
uniform,22-05-2022
committee,22-05-2022
random,22-05-2022
salutaion,22-05-2022
iqac,22-05-2022
course,22-05-2022
transport,22-05-2022
creator,22-05-2022
college intake,23-05-2022
scholarships,23-05-2022
college intake,23-05-2022
metro,23-05-2022
name,23-05-2022
library,23-05-2022
hours,23-05-2022
placement,23-05-2022
principal,23-05-2022
fees,23-05-2022
fees,23-05-2022
creator,23-05-2022
faq,23-05-2022
syllabus,23-05-2022
salutaion,23-05-2022
course,23-05-2022
swear,23-05-2022
infrastructure,23-05-2022
canteen,23-05-2022
library,23-05-2022
library,23-05-2022
task,23-05-2022
canteen,23-05-2022
sem,23-05-2022
syllabus,23-05-2022
random,23-05-2022
metro,23-05-2022
vacation,23-05-2022
ragging,23-05-2022
hostel,23-05-2022
hours,23-05-2022
hostel,23-05-2022
salutaion,23-05-2022
campus,23-05-2022
facilities,23-05-2022
hostel,23-05-2022
placement,23-05-2022
random,23-05-2022
cshod,23-05-2022
location,23-05-2022
metro,23-05-2022
campus,23-05-2022
sem,23-05-2022
admission,23-05-2022
cshod,23-05-2022
random,23-05-2022
faq,23-05-2022
vacation,23-05-2022
swear,23-05-2022
document,23-05-2022
metro,23-05-2022
vacation,23-05-2022
library,23-05-2022
hostel,23-05-2022
facilities,23-05-2022
principal,23-05-2022
ragging,23-05-2022
creator,23-05-2022
iqac,23-05-2022
hostel,23-05-2022
hod,23-05-2022
scholarships,23-05-2022
admission,23-05-2022
committee,23-05-2022
iqac,23-05-2022
vacation,23-05-2022
admission,23-05-2022
facilities,23-05-2022
creator,23-05-2022
ragging,23-05-2022
name,23-05-2022
hours,23-05-2022
swear,23-05-2022
transport,23-05-2022
ragging,23-05-2022
library,23-05-2022
cshod,23-05-2022
random,23-05-2022
campus,23-05-2022
campus,23-05-2022
hours,23-05-2022
hostel,23-05-2022
hostel,23-05-2022
transport,23-05-2022
library,23-05-2022
committee,23-05-2022
transport,23-05-2022
campus,23-05-2022
faq,23-05-2022
admission,23-05-2022
swear,23-05-2022
infrastructure,23-05-2022
scholarships,23-05-2022
hod,23-05-2022
name,23-05-2022
transport,23-05-2022
location,23-05-2022
transport,23-05-2022
sem,23-05-2022
random,23-05-2022
location,23-05-2022
course,23-05-2022
sem,23-05-2022
contact,23-05-2022
iqac,23-05-2022
infrastructure,23-05-2022
cshod,23-05-2022
location,23-05-2022
ragging,23-05-2022
hours,23-05-2022
hours,23-05-2022
sem,23-05-2022
college intake,23-05-2022
fees,23-05-2022
scholarships,23-05-2022
scholarships,23-05-2022
random,23-05-2022
facilities,23-05-2022
metro,23-05-2022
task,23-05-2022
college intake,23-05-2022
transport,23-05-2022
principal,23-05-2022
course,23-05-2022
canteen,23-05-2022
ragging,23-05-2022
name,23-05-2022
vacation,23-05-2022
admission,23-05-2022
hod,23-05-2022
principal,23-05-2022
campus,23-05-2022
salutaion,23-05-2022
canteen,23-05-2022
uniform,23-05-2022
creator,23-05-2022
event,23-05-2022
placement,23-05-2022
ragging,24-05-2022
name,24-05-2022
principal,24-05-2022
creator,24-05-2022
syllabus,24-05-2022
infrastructure,24-05-2022
facilities,24-05-2022
contact,24-05-2022
vacation,24-05-2022
canteen,24-05-2022
metro,24-05-2022
facilities,24-05-2022
hostel,24-05-2022
document,24-05-2022
canteen,24-05-2022
name,24-05-2022
faq,24-05-2022
task,24-05-2022
facilities,24-05-2022
scholarships,24-05-2022
location,24-05-2022
salutaion,24-05-2022
iqac,24-05-2022
salutaion,24-05-2022
hostel,24-05-2022
metro,24-05-2022
iqac,24-05-2022
uniform,24-05-2022
hostel,24-05-2022
course,24-05-2022
ragging,24-05-2022
principal,24-05-2022
committee,24-05-2022
fees,24-05-2022
creator,24-05-2022
college intake,24-05-2022
committee,24-05-2022
sem,24-05-2022
campus,24-05-2022
vacation,24-05-2022
iqac,24-05-2022
vacation,24-05-2022
uniform,24-05-2022
facilities,24-05-2022
campus,24-05-2022
college intake,24-05-2022
hostel,24-05-2022
canteen,24-05-2022
sem,24-05-2022
hours,24-05-2022
uniform,24-05-2022
syllabus,24-05-2022
task,24-05-2022
task,24-05-2022
fees,24-05-2022
random,24-05-2022
metro,24-05-2022
document,24-05-2022
admission,24-05-2022
placement,24-05-2022
event,24-05-2022
principal,24-05-2022
infrastructure,24-05-2022
iqac,24-05-2022
committee,24-05-2022
faq,24-05-2022
fees,24-05-2022
hostel,24-05-2022
placement,24-05-2022
cshod,24-05-2022
cshod,24-05-2022
college intake,24-05-2022
committee,24-05-2022
placement,24-05-2022
hostel,24-05-2022
course,24-05-2022
hostel,24-05-2022
salutaion,24-05-2022
swear,24-05-2022
syllabus,24-05-2022
swear,24-05-2022
canteen,24-05-2022
canteen,24-05-2022
metro,24-05-2022
principal,24-05-2022
swear,24-05-2022
random,24-05-2022
random,24-05-2022
canteen,24-05-2022
name,24-05-2022
college intake,24-05-2022
hostel,24-05-2022
canteen,24-05-2022
task,24-05-2022
campus,24-05-2022
hod,24-05-2022
hours,24-05-2022
transport,24-05-2022
committee,24-05-2022
metro,24-05-2022
task,24-05-2022
metro,24-05-2022
principal,24-05-2022
placement,24-05-2022
principal,24-05-2022
location,24-05-2022
hours,24-05-2022
name,24-05-2022
location,24-05-2022
swear,24-05-2022
scholarships,24-05-2022
library,24-05-2022
ragging,24-05-2022
hod,24-05-2022
syllabus,24-05-2022
scholarships,24-05-2022
syllabus,24-05-2022
ragging,24-05-2022
task,24-05-2022
ragging,24-05-2022
event,24-05-2022
hours,24-05-2022
campus,24-05-2022
facilities,24-05-2022
course,24-05-2022
name,24-05-2022
library,24-05-2022
campus,24-05-2022
metro,24-05-2022
hostel,24-05-2022
name,24-05-2022
campus,24-05-2022
library,24-05-2022
creator,24-05-2022
task,24-05-2022
fees,24-05-2022
campus,24-05-2022
hours,24-05-2022
name,24-05-2022
vacation,24-05-2022
sem,24-05-2022
admission,24-05-2022
transport,24-05-2022
placement,24-05-2022
metro,24-05-2022
cshod,25-05-2022
uniform,25-05-2022
facilities,25-05-2022
contact,25-05-2022
document,25-05-2022
ragging,25-05-2022
admission,25-05-2022
committee,25-05-2022
placement,25-05-2022
uniform,25-05-2022
vacation,25-05-2022
canteen,25-05-2022
admission,25-05-2022
random,25-05-2022
iqac,25-05-2022
ragging,25-05-2022
name,25-05-2022
transport,25-05-2022
vacation,25-05-2022
infrastructure,25-05-2022
committee,25-05-2022
metro,25-05-2022
salutaion,25-05-2022
uniform,25-05-2022
metro,25-05-2022
facilities,25-05-2022
random,25-05-2022
name,25-05-2022
hod,25-05-2022
hostel,25-05-2022
task,25-05-2022
location,25-05-2022
hostel,25-05-2022
contact,25-05-2022
metro,25-05-2022
iqac,25-05-2022
hod,25-05-2022
placement,25-05-2022
campus,25-05-2022
metro,25-05-2022
infrastructure,25-05-2022
infrastructure,25-05-2022
uniform,25-05-2022
hours,25-05-2022
document,25-05-2022
facilities,25-05-2022
hod,25-05-2022
admission,25-05-2022
committee,25-05-2022
location,25-05-2022
metro,25-05-2022
admission,25-05-2022
syllabus,25-05-2022
ragging,25-05-2022
facilities,25-05-2022
campus,25-05-2022
random,25-05-2022
transport,25-05-2022
committee,25-05-2022
college intake,25-05-2022
hod,25-05-2022
syllabus,25-05-2022
swear,25-05-2022
campus,25-05-2022
iqac,25-05-2022
task,25-05-2022
committee,25-05-2022
hours,25-05-2022
salutaion,25-05-2022
vacation,25-05-2022
faq,25-05-2022
random,25-05-2022
creator,25-05-2022
canteen,25-05-2022
library,25-05-2022
transport,25-05-2022
hostel,25-05-2022
swear,25-05-2022
infrastructure,25-05-2022
committee,25-05-2022
library,25-05-2022
document,25-05-2022
hod,25-05-2022
principal,25-05-2022
canteen,25-05-2022
random,25-05-2022
fees,25-05-2022
faq,25-05-2022
swear,25-05-2022
ragging,25-05-2022
hours,25-05-2022
hod,25-05-2022
iqac,25-05-2022
faq,25-05-2022
hours,25-05-2022
fees,25-05-2022
hostel,25-05-2022
scholarships,25-05-2022
document,25-05-2022
ragging,25-05-2022
facilities,25-05-2022
sem,25-05-2022
creator,25-05-2022
hostel,25-05-2022
canteen,25-05-2022
random,25-05-2022
iqac,25-05-2022
hod,25-05-2022
transport,25-05-2022
sem,25-05-2022
task,25-05-2022
swear,25-05-2022
admission,25-05-2022
sem,25-05-2022
task,25-05-2022
location,25-05-2022
metro,25-05-2022
location,25-05-2022
vacation,25-05-2022
transport,25-05-2022
facilities,25-05-2022
hostel,25-05-2022
canteen,25-05-2022
event,25-05-2022
syllabus,25-05-2022
contact,25-05-2022
random,25-05-2022
random,25-05-2022
task,25-05-2022
hod,25-05-2022
canteen,25-05-2022
transport,25-05-2022
canteen,25-05-2022
vacation,25-05-2022
document,25-05-2022
sem,25-05-2022
campus,25-05-2022
fees,25-05-2022
committee,25-05-2022
transport,25-05-2022
library,25-05-2022
task,25-05-2022
faq,25-05-2022
hostel,25-05-2022
admission,25-05-2022
admission,25-05-2022
committee,25-05-2022
campus,25-05-2022
vacation,25-05-2022
creator,25-05-2022
course,25-05-2022
location,25-05-2022
transport,25-05-2022
event,25-05-2022
ragging,25-05-2022
campus,25-05-2022
salutaion,25-05-2022
course,25-05-2022
location,25-05-2022
ragging,25-05-2022
infrastructure,25-05-2022
iqac,25-05-2022
task,25-05-2022
campus,25-05-2022
iqac,25-05-2022
scholarships,25-05-2022
facilities,25-05-2022
college intake,26-05-2022
canteen,26-05-2022
salutaion,26-05-2022
principal,26-05-2022
fees,26-05-2022
creator,26-05-2022
committee,26-05-2022
name,26-05-2022
location,26-05-2022
iqac,26-05-2022
faq,26-05-2022
ragging,26-05-2022
vacation,26-05-2022
random,26-05-2022
salutaion,26-05-2022
swear,26-05-2022
document,26-05-2022
faq,26-05-2022
random,26-05-2022
college intake,26-05-2022
canteen,26-05-2022
name,26-05-2022
salutaion,26-05-2022
random,26-05-2022
creator,26-05-2022
uniform,26-05-2022
library,26-05-2022
fees,26-05-2022
scholarships,26-05-2022
fees,26-05-2022
location,26-05-2022
admission,26-05-2022
ragging,26-05-2022
ragging,26-05-2022
transport,26-05-2022
facilities,26-05-2022
cshod,26-05-2022
principal,26-05-2022
cshod,26-05-2022
campus,26-05-2022
iqac,26-05-2022
hod,26-05-2022
document,26-05-2022
scholarships,26-05-2022
location,26-05-2022
random,26-05-2022
scholarships,26-05-2022
creator,26-05-2022
ragging,26-05-2022
sem,26-05-2022
sem,26-05-2022
creator,26-05-2022
ragging,26-05-2022
admission,26-05-2022
hostel,26-05-2022
fees,26-05-2022
campus,26-05-2022
committee,26-05-2022
canteen,26-05-2022
campus,26-05-2022
course,26-05-2022
salutaion,26-05-2022
creator,26-05-2022
metro,26-05-2022
iqac,26-05-2022
course,26-05-2022
iqac,26-05-2022
hostel,26-05-2022
task,26-05-2022
principal,26-05-2022
course,26-05-2022
facilities,26-05-2022
iqac,26-05-2022
iqac,26-05-2022
random,26-05-2022
task,26-05-2022
facilities,26-05-2022
uniform,26-05-2022
infrastructure,26-05-2022
infrastructure,26-05-2022
infrastructure,26-05-2022
sem,26-05-2022
course,26-05-2022
name,26-05-2022
infrastructure,26-05-2022
hostel,26-05-2022
infrastructure,26-05-2022
uniform,26-05-2022
sem,26-05-2022
metro,26-05-2022
committee,26-05-2022
canteen,26-05-2022
contact,26-05-2022
college intake,26-05-2022
hostel,26-05-2022
principal,26-05-2022
contact,26-05-2022
canteen,26-05-2022
creator,26-05-2022
task,26-05-2022
uniform,26-05-2022
cshod,26-05-2022
creator,26-05-2022
hostel,26-05-2022
hours,26-05-2022
admission,26-05-2022
fees,26-05-2022
event,26-05-2022
iqac,26-05-2022
ragging,26-05-2022
campus,26-05-2022
college intake,26-05-2022
random,26-05-2022
canteen,26-05-2022
committee,26-05-2022
fees,26-05-2022
event,26-05-2022
canteen,26-05-2022
placement,26-05-2022
library,26-05-2022
facilities,26-05-2022
infrastructure,26-05-2022
creator,26-05-2022
event,26-05-2022
salutaion,26-05-2022
facilities,26-05-2022
transport,26-05-2022
event,26-05-2022
committee,26-05-2022
iqac,26-05-2022
canteen,26-05-2022
syllabus,26-05-2022
committee,26-05-2022
canteen,26-05-2022
library,26-05-2022
library,26-05-2022
campus,26-05-2022
iqac,26-05-2022
library,26-05-2022
transport,26-05-2022
salutaion,26-05-2022
canteen,26-05-2022
event,26-05-2022
scholarships,26-05-2022
campus,26-05-2022
random,26-05-2022
infrastructure,26-05-2022
location,26-05-2022
task,26-05-2022
syllabus,26-05-2022
salutaion,26-05-2022
facilities,26-05-2022
canteen,26-05-2022
scholarships,26-05-2022
transport,26-05-2022
name,26-05-2022
metro,26-05-2022
contact,26-05-2022
ragging,26-05-2022
hostel,26-05-2022
library,26-05-2022
task,26-05-2022
faq,26-05-2022
salutaion,26-05-2022
iqac,26-05-2022
transport,26-05-2022
faq,27-05-2022
ragging,27-05-2022
scholarships,27-05-2022
placement,27-05-2022
placement,27-05-2022
uniform,27-05-2022
random,27-05-2022
fees,27-05-2022
creator,27-05-2022
transport,27-05-2022
swear,27-05-2022
syllabus,27-05-2022
name,27-05-2022
event,27-05-2022
campus,27-05-2022
fees,27-05-2022
salutaion,27-05-2022
transport,27-05-2022
infrastructure,27-05-2022
ragging,27-05-2022
hostel,27-05-2022
document,27-05-2022
infrastructure,27-05-2022
hours,27-05-2022
placement,27-05-2022
canteen,27-05-2022
hostel,27-05-2022
iqac,27-05-2022
vacation,27-05-2022
library,27-05-2022
course,27-05-2022
document,27-05-2022
vacation,27-05-2022
infrastructure,27-05-2022
campus,27-05-2022
scholarships,27-05-2022
hostel,27-05-2022
name,27-05-2022
vacation,27-05-2022
ragging,27-05-2022
faq,27-05-2022
event,27-05-2022
creator,27-05-2022
name,27-05-2022
iqac,27-05-2022
document,27-05-2022
name,27-05-2022
placement,27-05-2022
vacation,27-05-2022
principal,27-05-2022
event,27-05-2022
admission,27-05-2022
creator,27-05-2022
facilities,27-05-2022
campus,27-05-2022
placement,27-05-2022
iqac,27-05-2022
salutaion,27-05-2022
admission,27-05-2022
transport,27-05-2022
salutaion,27-05-2022
college intake,27-05-2022
transport,27-05-2022
swear,27-05-2022
contact,27-05-2022
metro,27-05-2022
transport,27-05-2022
canteen,27-05-2022
college intake,27-05-2022
admission,27-05-2022
scholarships,27-05-2022
creator,27-05-2022
committee,27-05-2022
faq,27-05-2022
metro,27-05-2022
document,27-05-2022
transport,27-05-2022
contact,27-05-2022
name,27-05-2022
contact,27-05-2022
syllabus,27-05-2022
iqac,27-05-2022
cshod,27-05-2022
creator,27-05-2022
name,27-05-2022
task,27-05-2022
ragging,27-05-2022
syllabus,27-05-2022
canteen,27-05-2022
placement,27-05-2022
library,27-05-2022
principal,27-05-2022
vacation,27-05-2022
iqac,27-05-2022
hod,27-05-2022
syllabus,27-05-2022
admission,27-05-2022
hostel,27-05-2022
facilities,27-05-2022
fees,27-05-2022
course,27-05-2022
iqac,27-05-2022
document,27-05-2022
campus,27-05-2022
task,27-05-2022
college intake,27-05-2022
task,27-05-2022
course,27-05-2022
location,27-05-2022
syllabus,27-05-2022
contact,27-05-2022
iqac,27-05-2022
creator,27-05-2022
document,27-05-2022
task,27-05-2022
random,27-05-2022
library,27-05-2022
hours,27-05-2022
salutaion,27-05-2022
random,27-05-2022
contact,27-05-2022
canteen,27-05-2022
principal,27-05-2022
canteen,27-05-2022
placement,27-05-2022
facilities,27-05-2022
metro,27-05-2022
hod,27-05-2022
task,27-05-2022
infrastructure,27-05-2022
placement,27-05-2022
scholarships,27-05-2022
ragging,27-05-2022
fees,27-05-2022
salutaion,27-05-2022
ragging,27-05-2022
transport,27-05-2022
faq,27-05-2022
event,27-05-2022
contact,27-05-2022
library,27-05-2022
random,27-05-2022
hours,27-05-2022
metro,27-05-2022
canteen,27-05-2022
college intake,27-05-2022
creator,27-05-2022
placement,27-05-2022
college intake,27-05-2022
hostel,28-05-2022
faq,28-05-2022
name,28-05-2022
task,28-05-2022
uniform,28-05-2022
admission,28-05-2022
library,28-05-2022
faq,28-05-2022
cshod,28-05-2022
creator,28-05-2022
random,28-05-2022
college intake,28-05-2022
ragging,28-05-2022
uniform,28-05-2022
cshod,28-05-2022
campus,28-05-2022
sem,28-05-2022
task,28-05-2022
document,28-05-2022
document,28-05-2022
infrastructure,28-05-2022
course,28-05-2022
location,28-05-2022
transport,28-05-2022
uniform,28-05-2022
salutaion,28-05-2022
ragging,28-05-2022
course,28-05-2022
random,28-05-2022
cshod,28-05-2022
uniform,28-05-2022
ragging,28-05-2022
committee,28-05-2022
hours,28-05-2022
random,28-05-2022
college intake,28-05-2022
task,28-05-2022
college intake,28-05-2022
placement,28-05-2022
college intake,28-05-2022
fees,28-05-2022
admission,28-05-2022
contact,28-05-2022
placement,28-05-2022
syllabus,28-05-2022
scholarships,28-05-2022
fees,28-05-2022
hod,28-05-2022
principal,28-05-2022
transport,28-05-2022
infrastructure,28-05-2022
swear,28-05-2022
salutaion,28-05-2022
course,28-05-2022
fees,28-05-2022
task,28-05-2022
ragging,28-05-2022
cshod,28-05-2022
syllabus,28-05-2022
location,28-05-2022
document,28-05-2022
campus,28-05-2022
college intake,28-05-2022
task,28-05-2022
cshod,28-05-2022
metro,28-05-2022
creator,28-05-2022
syllabus,28-05-2022
vacation,28-05-2022
location,28-05-2022
faq,28-05-2022
canteen,28-05-2022
hostel,28-05-2022
principal,28-05-2022
cshod,28-05-2022
principal,28-05-2022
course,28-05-2022
infrastructure,28-05-2022
principal,28-05-2022
salutaion,28-05-2022
vacation,28-05-2022
task,28-05-2022
faq,28-05-2022
principal,28-05-2022
creator,28-05-2022
creator,28-05-2022
contact,28-05-2022
course,28-05-2022
salutaion,28-05-2022
course,28-05-2022
facilities,28-05-2022
hod,28-05-2022
random,28-05-2022
sem,28-05-2022
placement,28-05-2022
scholarships,28-05-2022
principal,28-05-2022
infrastructure,28-05-2022
iqac,28-05-2022
cshod,28-05-2022
transport,28-05-2022
faq,28-05-2022
hours,28-05-2022
name,28-05-2022
swear,28-05-2022
creator,28-05-2022
placement,28-05-2022
committee,28-05-2022
salutaion,28-05-2022
salutaion,28-05-2022
uniform,28-05-2022
college intake,28-05-2022
infrastructure,28-05-2022
hod,28-05-2022
location,28-05-2022
faq,28-05-2022
random,28-05-2022
hostel,28-05-2022
transport,28-05-2022
salutaion,28-05-2022
committee,28-05-2022
library,28-05-2022
swear,28-05-2022
salutaion,28-05-2022
random,28-05-2022
location,28-05-2022
creator,28-05-2022
scholarships,28-05-2022
canteen,28-05-2022
hod,28-05-2022
name,28-05-2022
name,28-05-2022
hours,28-05-2022
creator,28-05-2022
library,28-05-2022
placement,28-05-2022
salutaion,28-05-2022
canteen,28-05-2022
transport,28-05-2022
creator,28-05-2022
faq,28-05-2022
placement,28-05-2022
principal,29-05-2022
document,29-05-2022
scholarships,29-05-2022
cshod,29-05-2022
college intake,29-05-2022
contact,29-05-2022
cshod,29-05-2022
canteen,29-05-2022
vacation,29-05-2022
faq,29-05-2022
infrastructure,29-05-2022
facilities,29-05-2022
campus,29-05-2022
location,29-05-2022
cshod,29-05-2022
creator,29-05-2022
placement,29-05-2022
contact,29-05-2022
hostel,29-05-2022
course,29-05-2022
document,29-05-2022
transport,29-05-2022
faq,29-05-2022
uniform,29-05-2022
creator,29-05-2022
ragging,29-05-2022
random,29-05-2022
admission,29-05-2022
faq,29-05-2022
hours,29-05-2022
fees,29-05-2022
name,29-05-2022
cshod,29-05-2022
hostel,29-05-2022
facilities,29-05-2022
faq,29-05-2022
principal,29-05-2022
scholarships,29-05-2022
cshod,29-05-2022
hours,29-05-2022
principal,29-05-2022
principal,29-05-2022
uniform,29-05-2022
iqac,29-05-2022
library,29-05-2022
vacation,29-05-2022
course,29-05-2022
campus,29-05-2022
course,29-05-2022
faq,29-05-2022
swear,29-05-2022
admission,29-05-2022
committee,29-05-2022
campus,29-05-2022
course,29-05-2022
fees,29-05-2022
hod,29-05-2022
placement,29-05-2022
ragging,29-05-2022
campus,29-05-2022
campus,29-05-2022
placement,29-05-2022
hod,29-05-2022
infrastructure,29-05-2022
fees,29-05-2022
course,29-05-2022
creator,29-05-2022
ragging,29-05-2022
cshod,29-05-2022
vacation,29-05-2022
iqac,29-05-2022
event,29-05-2022
metro,29-05-2022
transport,29-05-2022
document,29-05-2022
scholarships,29-05-2022
hours,29-05-2022
infrastructure,29-05-2022
vacation,29-05-2022
random,29-05-2022
committee,29-05-2022
course,29-05-2022
random,29-05-2022
canteen,29-05-2022
principal,29-05-2022
contact,29-05-2022
location,29-05-2022
swear,29-05-2022
canteen,29-05-2022
metro,29-05-2022
ragging,29-05-2022
campus,29-05-2022
fees,29-05-2022
admission,29-05-2022
uniform,29-05-2022
ragging,29-05-2022
scholarships,29-05-2022
scholarships,29-05-2022
uniform,29-05-2022
canteen,29-05-2022
facilities,29-05-2022
random,29-05-2022
transport,29-05-2022
random,29-05-2022
uniform,29-05-2022
task,29-05-2022
vacation,29-05-2022
cshod,29-05-2022
iqac,29-05-2022
document,29-05-2022
principal,29-05-2022
committee,29-05-2022
document,29-05-2022
location,29-05-2022
principal,29-05-2022
cshod,29-05-2022
placement,29-05-2022
college intake,29-05-2022
task,29-05-2022
hostel,29-05-2022
ragging,29-05-2022
syllabus,29-05-2022
infrastructure,29-05-2022
campus,29-05-2022
scholarships,29-05-2022
uniform,29-05-2022
location,29-05-2022
metro,29-05-2022
metro,29-05-2022
placement,29-05-2022
scholarships,29-05-2022
canteen,29-05-2022
placement,29-05-2022
library,29-05-2022
metro,29-05-2022
admission,29-05-2022
metro,29-05-2022
iqac,29-05-2022
committee,29-05-2022
college intake,29-05-2022
library,29-05-2022
random,29-05-2022
admission,29-05-2022
hostel,29-05-2022
contact,29-05-2022
hod,29-05-2022
infrastructure,29-05-2022
name,29-05-2022
vacation,29-05-2022
document,29-05-2022
faq,29-05-2022
course,29-05-2022
canteen,29-05-2022
hostel,29-05-2022
name,30-05-2022
syllabus,30-05-2022
vacation,30-05-2022
syllabus,30-05-2022
hostel,30-05-2022
task,30-05-2022
uniform,30-05-2022
cshod,30-05-2022
faq,30-05-2022
scholarships,30-05-2022
swear,30-05-2022
hostel,30-05-2022
name,30-05-2022
scholarships,30-05-2022
campus,30-05-2022
iqac,30-05-2022
hours,30-05-2022
course,30-05-2022
syllabus,30-05-2022
hostel,30-05-2022
hours,30-05-2022
canteen,30-05-2022
task,30-05-2022
ragging,30-05-2022
vacation,30-05-2022
task,30-05-2022
salutaion,30-05-2022
document,30-05-2022
campus,30-05-2022
sem,30-05-2022
ragging,30-05-2022
document,30-05-2022
fees,30-05-2022
metro,30-05-2022
fees,30-05-2022
metro,30-05-2022
campus,30-05-2022
vacation,30-05-2022
task,30-05-2022
syllabus,30-05-2022
location,30-05-2022
syllabus,30-05-2022
principal,30-05-2022
infrastructure,30-05-2022
document,30-05-2022
creator,30-05-2022
course,30-05-2022
location,30-05-2022
sem,30-05-2022
library,30-05-2022
contact,30-05-2022
syllabus,30-05-2022
creator,30-05-2022
metro,30-05-2022
syllabus,30-05-2022
transport,30-05-2022
document,30-05-2022
syllabus,30-05-2022
infrastructure,30-05-2022
contact,30-05-2022
random,30-05-2022
committee,30-05-2022
college intake,30-05-2022
hod,30-05-2022
metro,30-05-2022
campus,30-05-2022
hostel,30-05-2022
college intake,30-05-2022
hostel,30-05-2022
ragging,30-05-2022
hostel,30-05-2022
uniform,30-05-2022
college intake,30-05-2022
iqac,30-05-2022
syllabus,30-05-2022
campus,30-05-2022
hostel,30-05-2022
placement,30-05-2022
cshod,30-05-2022
facilities,30-05-2022
hod,30-05-2022
library,30-05-2022
scholarships,30-05-2022
infrastructure,30-05-2022
uniform,30-05-2022
creator,30-05-2022
uniform,30-05-2022
principal,30-05-2022
uniform,30-05-2022
task,30-05-2022
syllabus,30-05-2022
fees,30-05-2022
fees,30-05-2022
hostel,30-05-2022
hostel,30-05-2022
committee,30-05-2022
uniform,30-05-2022
committee,30-05-2022
placement,30-05-2022
hours,30-05-2022
name,30-05-2022
hod,30-05-2022
scholarships,30-05-2022
library,30-05-2022
hod,30-05-2022
faq,30-05-2022
faq,30-05-2022
uniform,30-05-2022
sem,30-05-2022
contact,30-05-2022
admission,30-05-2022
scholarships,30-05-2022
random,30-05-2022
ragging,30-05-2022
event,30-05-2022
faq,30-05-2022
document,30-05-2022
ragging,30-05-2022
admission,30-05-2022
campus,30-05-2022
transport,30-05-2022
placement,30-05-2022
document,30-05-2022
faq,30-05-2022
document,30-05-2022
syllabus,30-05-2022
placement,30-05-2022
committee,30-05-2022
ragging,30-05-2022
canteen,30-05-2022
uniform,30-05-2022
transport,30-05-2022
vacation,30-05-2022
syllabus,30-05-2022
task,30-05-2022
event,30-05-2022
cshod,30-05-2022
contact,30-05-2022
creator,30-05-2022
salutaion,30-05-2022
creator,30-05-2022
sem,30-05-2022
scholarships,30-05-2022
random,30-05-2022
salutaion,30-05-2022
name,30-05-2022
task,30-05-2022
scholarships,31-05-2022
campus,31-05-2022
location,31-05-2022
college intake,31-05-2022
location,31-05-2022
swear,31-05-2022
placement,31-05-2022
creator,31-05-2022
admission,31-05-2022
iqac,31-05-2022
task,31-05-2022
event,31-05-2022
campus,31-05-2022
facilities,31-05-2022
campus,31-05-2022
campus,31-05-2022
hours,31-05-2022
campus,31-05-2022
contact,31-05-2022
uniform,31-05-2022
canteen,31-05-2022
event,31-05-2022
faq,31-05-2022
placement,31-05-2022
canteen,31-05-2022
scholarships,31-05-2022
transport,31-05-2022
contact,31-05-2022
task,31-05-2022
committee,31-05-2022
metro,31-05-2022
uniform,31-05-2022
admission,31-05-2022
admission,31-05-2022
facilities,31-05-2022
campus,31-05-2022
document,31-05-2022
location,31-05-2022
task,31-05-2022
metro,31-05-2022
hod,31-05-2022
uniform,31-05-2022
hostel,31-05-2022
syllabus,31-05-2022
hostel,31-05-2022
creator,31-05-2022
scholarships,31-05-2022
syllabus,31-05-2022
hod,31-05-2022
canteen,31-05-2022
scholarships,31-05-2022
task,31-05-2022
faq,31-05-2022
contact,31-05-2022
swear,31-05-2022
cshod,31-05-2022
ragging,31-05-2022
iqac,31-05-2022
college intake,31-05-2022
ragging,31-05-2022
college intake,31-05-2022
committee,31-05-2022
placement,31-05-2022
facilities,31-05-2022
fees,31-05-2022
scholarships,31-05-2022
faq,31-05-2022
library,31-05-2022
hod,31-05-2022
random,31-05-2022
transport,31-05-2022
event,31-05-2022
course,31-05-2022
admission,31-05-2022
location,31-05-2022
event,31-05-2022
facilities,31-05-2022
metro,31-05-2022
campus,31-05-2022
transport,31-05-2022
canteen,31-05-2022
vacation,31-05-2022
fees,31-05-2022
transport,31-05-2022
vacation,31-05-2022
vacation,31-05-2022
uniform,31-05-2022
faq,31-05-2022
task,31-05-2022
iqac,31-05-2022
campus,31-05-2022
principal,31-05-2022
hod,31-05-2022
uniform,31-05-2022
principal,31-05-2022
salutaion,31-05-2022
admission,31-05-2022
canteen,31-05-2022
facilities,31-05-2022
college intake,31-05-2022
random,31-05-2022
iqac,31-05-2022
transport,31-05-2022
canteen,31-05-2022
location,31-05-2022
event,31-05-2022
contact,31-05-2022
campus,31-05-2022
ragging,31-05-2022
salutaion,31-05-2022
uniform,31-05-2022
hod,31-05-2022
canteen,31-05-2022
location,31-05-2022
uniform,31-05-2022
syllabus,31-05-2022
name,31-05-2022
document,31-05-2022
creator,31-05-2022
scholarships,31-05-2022
creator,31-05-2022
committee,31-05-2022
uniform,31-05-2022
transport,31-05-2022
swear,31-05-2022
contact,31-05-2022
task,31-05-2022
task,31-05-2022
uniform,31-05-2022
syllabus,31-05-2022
document,31-05-2022
fees,31-05-2022
principal,31-05-2022
salutaion,31-05-2022
college intake,31-05-2022
fees,31-05-2022
hours,31-05-2022
creator,31-05-2022
uniform,31-05-2022
fees,31-05-2022
name,01-06-2022
transport,01-06-2022
task,01-06-2022
transport,01-06-2022
canteen,01-06-2022
name,01-06-2022
creator,01-06-2022
infrastructure,01-06-2022
hod,01-06-2022
college intake,01-06-2022
facilities,01-06-2022
infrastructure,01-06-2022
campus,01-06-2022
scholarships,01-06-2022
fees,01-06-2022
random,01-06-2022
sem,01-06-2022
vacation,01-06-2022
faq,01-06-2022
ragging,01-06-2022
infrastructure,01-06-2022
hod,01-06-2022
campus,01-06-2022
random,01-06-2022
canteen,01-06-2022
vacation,01-06-2022
metro,01-06-2022
metro,01-06-2022
location,01-06-2022
vacation,01-06-2022
facilities,01-06-2022
creator,01-06-2022
document,01-06-2022
hod,01-06-2022
infrastructure,01-06-2022
faq,01-06-2022
college intake,01-06-2022
location,01-06-2022
college intake,01-06-2022
admission,01-06-2022
hod,01-06-2022
name,01-06-2022
admission,01-06-2022
ragging,01-06-2022
event,01-06-2022
swear,01-06-2022
event,01-06-2022
course,01-06-2022
name,01-06-2022
name,01-06-2022
task,01-06-2022
principal,01-06-2022
syllabus,01-06-2022
canteen,01-06-2022
uniform,01-06-2022
random,01-06-2022
task,01-06-2022
campus,01-06-2022
contact,01-06-2022
library,01-06-2022
canteen,01-06-2022
principal,01-06-2022
library,01-06-2022
infrastructure,01-06-2022
hostel,01-06-2022
uniform,01-06-2022
infrastructure,01-06-2022
task,01-06-2022
uniform,01-06-2022
iqac,01-06-2022
location,01-06-2022
hours,01-06-2022
course,01-06-2022
course,01-06-2022
random,01-06-2022
hostel,01-06-2022
random,01-06-2022
salutaion,01-06-2022
location,01-06-2022
infrastructure,01-06-2022
contact,01-06-2022
cshod,01-06-2022
facilities,01-06-2022
metro,01-06-2022
syllabus,01-06-2022
college intake,01-06-2022
salutaion,01-06-2022
vacation,01-06-2022
campus,01-06-2022
name,01-06-2022
uniform,01-06-2022
hostel,01-06-2022
swear,01-06-2022
admission,01-06-2022
hod,01-06-2022
task,01-06-2022
course,01-06-2022
infrastructure,01-06-2022
salutaion,01-06-2022
metro,01-06-2022
committee,01-06-2022
hod,01-06-2022
hours,01-06-2022
sem,01-06-2022
course,01-06-2022
document,01-06-2022
hod,01-06-2022
scholarships,01-06-2022
canteen,01-06-2022
creator,01-06-2022
salutaion,01-06-2022
ragging,01-06-2022
faq,01-06-2022
creator,01-06-2022
hod,01-06-2022
hours,01-06-2022
uniform,01-06-2022
document,01-06-2022
name,01-06-2022
committee,01-06-2022
hod,01-06-2022
syllabus,01-06-2022
ragging,01-06-2022
hod,01-06-2022
course,01-06-2022
uniform,01-06-2022
hod,01-06-2022
hod,01-06-2022
uniform,01-06-2022
task,01-06-2022
contact,01-06-2022
sem,01-06-2022
college intake,01-06-2022
task,01-06-2022
placement,01-06-2022
infrastructure,01-06-2022
hod,01-06-2022
college intake,01-06-2022
faq,01-06-2022
event,01-06-2022
transport,01-06-2022
hod,01-06-2022
uniform,01-06-2022
name,01-06-2022
contact,01-06-2022
hod,01-06-2022
transport,01-06-2022
document,01-06-2022
sem,01-06-2022
sem,01-06-2022
principal,01-06-2022
uniform,01-06-2022
canteen,01-06-2022
campus,01-06-2022
vacation,01-06-2022
transport,01-06-2022
committee,01-06-2022
college intake,01-06-2022
placement,01-06-2022
admission,01-06-2022
committee,01-06-2022
cshod,02-06-2022
hostel,02-06-2022
fees,02-06-2022
sem,02-06-2022
fees,02-06-2022
hod,02-06-2022
ragging,02-06-2022
swear,02-06-2022
contact,02-06-2022
committee,02-06-2022
task,02-06-2022
task,02-06-2022
college intake,02-06-2022
principal,02-06-2022
library,02-06-2022
uniform,02-06-2022
name,02-06-2022
document,02-06-2022
campus,02-06-2022
syllabus,02-06-2022
scholarships,02-06-2022
hostel,02-06-2022
hod,02-06-2022
committee,02-06-2022
principal,02-06-2022
admission,02-06-2022
committee,02-06-2022
college intake,02-06-2022
library,02-06-2022
task,02-06-2022
transport,02-06-2022
uniform,02-06-2022
college intake,02-06-2022
ragging,02-06-2022
faq,02-06-2022
swear,02-06-2022
committee,02-06-2022
random,02-06-2022
syllabus,02-06-2022
campus,02-06-2022
library,02-06-2022
committee,02-06-2022
campus,02-06-2022
syllabus,02-06-2022
scholarships,02-06-2022
principal,02-06-2022
fees,02-06-2022
committee,02-06-2022
salutaion,02-06-2022
admission,02-06-2022
iqac,02-06-2022
college intake,02-06-2022
infrastructure,02-06-2022
hours,02-06-2022
ragging,02-06-2022
transport,02-06-2022
ragging,02-06-2022
course,02-06-2022
random,02-06-2022
placement,02-06-2022
faq,02-06-2022
course,02-06-2022
principal,02-06-2022
canteen,02-06-2022
hostel,02-06-2022
fees,02-06-2022
vacation,02-06-2022
creator,02-06-2022
infrastructure,02-06-2022
metro,02-06-2022
cshod,02-06-2022
event,02-06-2022
scholarships,02-06-2022
placement,02-06-2022
vacation,02-06-2022
principal,02-06-2022
document,02-06-2022
document,02-06-2022
salutaion,02-06-2022
principal,02-06-2022
campus,02-06-2022
contact,02-06-2022
transport,02-06-2022
hours,02-06-2022
sem,02-06-2022
infrastructure,02-06-2022
course,02-06-2022
uniform,02-06-2022
event,02-06-2022
salutaion,02-06-2022
campus,02-06-2022
random,02-06-2022
hod,02-06-2022
library,02-06-2022
creator,02-06-2022
committee,02-06-2022
location,02-06-2022
event,02-06-2022
faq,02-06-2022
library,02-06-2022
hod,02-06-2022
swear,02-06-2022
facilities,02-06-2022
sem,02-06-2022
event,02-06-2022
infrastructure,02-06-2022
hostel,02-06-2022
canteen,02-06-2022
campus,02-06-2022
principal,02-06-2022
syllabus,02-06-2022
college intake,02-06-2022
canteen,02-06-2022
transport,02-06-2022
salutaion,02-06-2022
principal,02-06-2022
name,02-06-2022
vacation,02-06-2022
committee,02-06-2022
principal,02-06-2022
cshod,02-06-2022
college intake,02-06-2022
hours,02-06-2022
document,02-06-2022
syllabus,02-06-2022
course,02-06-2022
swear,02-06-2022
location,02-06-2022
fees,02-06-2022
admission,02-06-2022
random,02-06-2022
document,02-06-2022
ragging,02-06-2022
library,02-06-2022
library,02-06-2022
hostel,02-06-2022
infrastructure,02-06-2022
sem,02-06-2022
placement,02-06-2022
infrastructure,02-06-2022
cshod,02-06-2022
campus,02-06-2022
sem,03-06-2022
hostel,03-06-2022
campus,03-06-2022
hod,03-06-2022
sem,03-06-2022
course,03-06-2022
sem,03-06-2022
task,03-06-2022
cshod,03-06-2022
iqac,03-06-2022
transport,03-06-2022
location,03-06-2022
vacation,03-06-2022
event,03-06-2022
syllabus,03-06-2022
random,03-06-2022
name,03-06-2022
uniform,03-06-2022
swear,03-06-2022
iqac,03-06-2022
faq,03-06-2022
transport,03-06-2022
ragging,03-06-2022
creator,03-06-2022
hostel,03-06-2022
course,03-06-2022
salutaion,03-06-2022
metro,03-06-2022
syllabus,03-06-2022
creator,03-06-2022
task,03-06-2022
infrastructure,03-06-2022
faq,03-06-2022
college intake,03-06-2022
college intake,03-06-2022
library,03-06-2022
course,03-06-2022
transport,03-06-2022
canteen,03-06-2022
course,03-06-2022
hours,03-06-2022
random,03-06-2022
college intake,03-06-2022
canteen,03-06-2022
library,03-06-2022
event,03-06-2022
iqac,03-06-2022
principal,03-06-2022
campus,03-06-2022
swear,03-06-2022
uniform,03-06-2022
library,03-06-2022
swear,03-06-2022
hostel,03-06-2022
creator,03-06-2022
event,03-06-2022
vacation,03-06-2022
location,03-06-2022
syllabus,03-06-2022
campus,03-06-2022
task,03-06-2022
event,03-06-2022
vacation,03-06-2022
fees,04-06-2022
ragging,04-06-2022
faq,05-06-2022
scholarships,05-06-2022
campus,05-06-2022
location,05-06-2022
faq,05-06-2022
location,05-06-2022
campus,25-06-2022
campus,25-06-2022
course,25-06-2022
iqac,25-06-2022
placement,25-06-2022
salutaion,25-06-2022
hours,20-01-2023
contact,20-01-2023
fees,20-01-2023
campus,20-01-2023
Python developer,20-01-2023
Data Mining,20-01-2023
greeting,20-01-2023
Data Science,20-01-2023
Java,20-01-2023
campus,20-01-2023
fees,20-01-2023
hours,20-01-2023
greeting,20-01-2023
greeting,20-01-2023
syllabus,20-01-2023
greeting,20-01-2023
Data Mining,20-01-2023
hours,20-01-2023
library,20-01-2023
Data Science,20-01-2023
fees,20-01-2023
Python developer,20-01-2023
event,20-01-2023
Java,20-01-2023
scholarships,20-01-2023
location,20-01-2023
infrastructure,20-01-2023
greeting,20-01-2023
goodbye,25-01-2023
faq,25-01-2023
goodbye,25-01-2023
goodbye,25-01-2023
goodbye,25-01-2023
goodbye,25-01-2023
goodbye,25-01-2023
goodbye,25-01-2023
goodbye,25-01-2023
goodbye,25-01-2023
goodbye,25-01-2023
goodbye,25-01-2023
goodbye,25-01-2023
html,25-01-2023
html,25-01-2023
html,25-01-2023
php,25-01-2023
python,25-01-2023
html,25-01-2023
python,25-01-2023
greeting,25-01-2023
javascript,25-01-2023
css,25-01-2023
java,25-01-2023
java,25-01-2023
hours,25-01-2023
greeting,25-01-2023
html,25-01-2023
hours,25-01-2023
python,25-01-2023
css,25-01-2023
javascript,25-01-2023
php,25-01-2023
java,25-01-2023
location,25-01-2023
event,25-01-2023
greeting,04-02-2023
greeting,04-02-2023
hours,04-02-2023
location,04-02-2023
html,04-02-2023
greeting,04-02-2023
greeting,04-02-2023
transport,04-02-2023
hours,04-02-2023
html,04-02-2023
greeting,04-02-2023
greeting,04-02-2023
hours,04-02-2023
html,04-02-2023
course,12-10-2025
greeting,12-10-2025
greeting,12-10-2025
greeting,12-10-2025
greeting,12-10-2025
greeting,12-10-2025
greeting,12-10-2025
greeting,12-10-2025
greeting,12-10-2025
greeting,12-10-2025
greeting,12-10-2025
greeting,12-10-2025
greeting,12-10-2025
hours,12-10-2025
facilities,12-10-2025
greeting,12-10-2025
greeting,14-10-2025
greeting,14-10-2025
greeting,14-10-2025
greeting,14-10-2025
goodbye,14-10-2025
greeting,14-10-2025
goodbye,14-10-2025
goodbye,14-10-2025
goodbye,14-10-2025
greeting,14-10-2025
html,14-10-2025
java,14-10-2025
greeting,14-10-2025
contact,14-10-2025
course,14-10-2025
location,14-10-2025
hostel,14-10-2025
library,14-10-2025
campus,14-10-2025
syllabus,14-10-2025
canteen,14-10-2025
event,14-10-2025
placement,14-10-2025
cshod,14-10-2025
facilities,14-10-2025
scholarships,14-10-2025
greeting,14-10-2025
hostel,14-10-2025
greeting,14-10-2025
hostel,14-10-2025
infrastructure,14-10-2025
facilities,14-10-2025
syllabus,14-10-2025
event,14-10-2025
library,14-10-2025
syllabus,14-10-2025
hours,14-10-2025
syllabus,14-10-2025
library,14-10-2025
hours,14-10-2025
syllabus,14-10-2025
hours,14-10-2025
syllabus,14-10-2025
greeting,14-10-2025
hours,14-10-2025
hours,14-10-2025
greeting,14-10-2025
cshod,14-10-2025
greeting,14-10-2025
greeting,14-10-2025
metro,14-10-2025
course,14-10-2025
principal,14-10-2025
syllabus,14-10-2025
greeting,15-10-2025
syllabus,15-10-2025
hostel,15-10-2025
greeting,15-10-2025
library,15-10-2025
course,16-10-2025
event,16-10-2025
canteen,16-10-2025
event,18-10-2025
event,18-10-2025
event,18-10-2025
event,18-10-2025
name,18-10-2025
greeting,18-10-2025
greeting,18-10-2025
name,18-10-2025
college intake,18-10-2025
cshod,18-10-2025
event,18-10-2025
greeting,18-10-2025
greeting,18-10-2025
greeting,18-10-2025
greeting,18-10-2025
campus,18-10-2025
course,18-10-2025
event,18-10-2025
uniform,18-10-2025
name,18-10-2025
greeting,18-10-2025
event,18-10-2025
ragging,18-10-2025
greeting,18-10-2025
greeting,18-10-2025
contact,18-10-2025
scholarships,18-10-2025
infrastructure,18-10-2025
facilities,18-10-2025
course,18-10-2025
course,18-10-2025
contact,18-10-2025
location,18-10-2025
placement,18-10-2025
course,18-10-2025
course,18-10-2025
event,18-10-2025
library,18-10-2025
campus,18-10-2025
location,18-10-2025
hostel,18-10-2025
hours,18-10-2025
admission,18-10-2025
committee,18-10-2025
college intake,18-10-2025
syllabus,18-10-2025
infrastructure,18-10-2025
canteen,18-10-2025
ragging,18-10-2025
placement,18-10-2025
course,18-10-2025
contact,18-10-2025
facilities,18-10-2025
scholarships,18-10-2025
facilities,18-10-2025
metro,18-10-2025
uniform,18-10-2025
course,18-10-2025
campus,18-10-2025
placement,18-10-2025
contact,18-10-2025
ragging,18-10-2025
event,18-10-2025
location,18-10-2025
library,18-10-2025
course,18-10-2025
campus,18-10-2025
hostel,18-10-2025
hours,18-10-2025
admission,18-10-2025
committee,18-10-2025
college intake,18-10-2025
syllabus,18-10-2025
infrastructure,18-10-2025
canteen,18-10-2025
ragging,18-10-2025
placement,18-10-2025
uniform,18-10-2025
contact,18-10-2025
facilities,18-10-2025
scholarships,18-10-2025
metro,18-10-2025
greeting,18-10-2025
greeting,21-10-2025
library,21-10-2025
canteen,21-10-2025
greeting,23-10-2025
facilities,23-10-2025
admission,23-10-2025
greeting,23-10-2025
metro,23-10-2025
scholarships,23-10-2025
hostel,23-10-2025
library,23-10-2025
greeting,23-10-2025
library,24-10-2025
greeting,24-10-2025
hours,24-10-2025
scholarships,24-10-2025
greeting,27-10-2025
library,27-10-2025
infrastructure,27-10-2025
library,27-10-2025
uniform,27-10-2025
hostel,27-10-2025
canteen,27-10-2025
greeting,29-10-2025
event,20-12-2025
